{"cameraMode":{"drawMode":0,"name":"Shaded","section":"Shading Mode"},"sceneLighting":true,"audioPlay":false,"sceneViewState":{"m_AlwaysRefresh":false,"showFog":true,"showSkybox":true,"showFlares":true,"showImageEffects":true,"showParticleSystems":true,"showVisualEffectGraphs":true,"m_FxEnabled":true},"in2DMode":false,"pivot":{"x":24.299156188964845,"y":16.471315383911134,"z":25.61009979248047},"rotation":{"x":-0.14995305240154267,"y":0.8328947424888611,"z":-0.27306830883026125,"w":-0.4573936462402344},"size":1.0792253017425538,"orthographic":false}